dom√≠nio,url,label
amazon,https://www.amazon.com.br/Disciplina-%C3%89-Liberdade-Manual-Campo/dp/6555204869?ref=dlx_67407_sh_dcl_img_0_40a1de71_dt_mese7_04,1
amazon,https://www.amazon.com.br/c%C3%B3digo-her%C3%B3i-Li%C3%A7%C3%B5es-aprendidas-vivemos/dp/6555353279/ref=pd_sbs_sccl_2_4/138-0676212-7582358?pd_rd_w=8AEd3&content-id=amzn1.sym.4e54af11-91e7-41b0-af49-07bca5d2336e&pf_rd_p=4e54af11-91e7-41b0-af49-07bca5d2336e&pf_rd_r=ZNCXPR0MNS9FAGNG7SCS&pd_rd_wg=pAgA9&pd_rd_r=519ba699-f79d-477f-aea3-0c8da2b46d6f&pd_rd_i=6555353279&psc=1,1
amazon,https://www.amazon.com.br/Guerra-Segundo-Seals-Marinha-Norte-Americana/dp/8531613566/ref=pd_sbs_sccl_2_10/138-0676212-7582358?pd_rd_w=3vxGu&content-id=amzn1.sym.4e54af11-91e7-41b0-af49-07bca5d2336e&pf_rd_p=4e54af11-91e7-41b0-af49-07bca5d2336e&pf_rd_r=R6ZB7F69VEB2C9ZM0K5X&pd_rd_wg=xwZQQ&pd_rd_r=227b482b-9900-4a6c-8dd9-c5ada5d7b324&pd_rd_i=8531613566&psc=1,1
amazon,https://www.amazon.com.br/dp/6586057671/ref=s9_acsd_al_bw_c2_x_0_i?pf_rd_m=A3RN7G7QC5MWSZ&pf_rd_s=merchandised-search-14&pf_rd_r=YBWCQRN7QQNM31EF99EV&pf_rd_t=101&pf_rd_p=0ac1ba7b-97a6-4729-a4a6-82919c75a975&pf_rd_i=12008582011,1
amazon,https://www.amazon.com.br/dp/8580551722/ref=s9_acsd_al_bw_c2_x_0_i?pf_rd_m=A3RN7G7QC5MWSZ&pf_rd_s=merchandised-search-17&pf_rd_r=YBWCQRN7QQNM31EF99EV&pf_rd_t=101&pf_rd_p=c5f4a439-d943-4081-8416-ae6a0f09f721&pf_rd_i=12008582011,1
amazon,https://www.amazon.com.br/Hobbit-p%C3%B4ster-J-R-R-Tolkien/dp/8595084742/ref=zg_bs_books_14/138-0676212-7582358?pd_rd_i=8595084742&psc=1,1
amazon,https://www.amazon.com.br/revolu%C3%A7%C3%A3o-dos-bichos-conto-fadas/dp/8535909559/ref=zg_bs_books_18/138-0676212-7582358?pd_rd_i=8535909559&psc=1,1
amazon,https://www.amazon.com.br/1984-George-Orwell/dp/6589678006/ref=pd_sbs_sccl_2_2/138-0676212-7582358?pd_rd_w=6EihY&content-id=amzn1.sym.4e54af11-91e7-41b0-af49-07bca5d2336e&pf_rd_p=4e54af11-91e7-41b0-af49-07bca5d2336e&pf_rd_r=7R3KTYFYJA2Y86HBFX8X&pd_rd_wg=AzznA&pd_rd_r=453769c7-9fc0-45ef-8e07-faa7367b2c58&pd_rd_i=6589678006&psc=1#detailBullets_feature_div,1
amazon,https://www.amazon.com.br/arte-guerra-Sun-Tzu/dp/8594318596/ref=pd_sbs_sccl_2_4/138-0676212-7582358?pd_rd_w=azka2&content-id=amzn1.sym.4e54af11-91e7-41b0-af49-07bca5d2336e&pf_rd_p=4e54af11-91e7-41b0-af49-07bca5d2336e&pf_rd_r=8EK6K2B4A6AGJX5JZTT0&pd_rd_wg=PUtSr&pd_rd_r=b812d030-9f83-4930-9d52-8487c6781de5&pd_rd_i=8594318596&psc=1,1
amazon,https://www.amazon.com.br/Pr%C3%ADncipe-Livro-Bolso-Nicolau-Maquiavel/dp/8572839046/ref=pd_sbs_sccl_2_2/138-0676212-7582358?pd_rd_w=XTT6U&content-id=amzn1.sym.4e54af11-91e7-41b0-af49-07bca5d2336e&pf_rd_p=4e54af11-91e7-41b0-af49-07bca5d2336e&pf_rd_r=Z7MAD3S36C8SQVG9TJ7E&pd_rd_wg=Mi5eT&pd_rd_r=045fbbb0-1492-4fdc-a294-9198908eabe7&pd_rd_i=8572839046&psc=1,1
amazon,https://www.amazon.com.br/Contrato-Social-Princ%C3%ADpios-Direito-Pol%C3%ADtico/dp/8572839291/ref=pd_sbs_sccl_2_3/138-0676212-7582358?pd_rd_w=gi4hI&content-id=amzn1.sym.4e54af11-91e7-41b0-af49-07bca5d2336e&pf_rd_p=4e54af11-91e7-41b0-af49-07bca5d2336e&pf_rd_r=0GDYG7GA25BRZECP9BHA&pd_rd_wg=4u3wj&pd_rd_r=f496015f-ec8f-4605-b803-e3b9ff40f112&pd_rd_i=8572839291&psc=1,1
amazon,https://www.amazon.com.br/Pai-rico-pai-pobre-anos/dp/8550801488/ref=lp_13130368011_1_9,1
amazon,https://www.amazon.com.br/Capital-Livro-1-Karl-Marx/dp/8575595482/ref=sr_1_3?__mk_pt_BR=%C3%85M%C3%85%C5%BD%C3%95%C3%91&crid=2PS1M2K49YQAE&keywords=marx&qid=1658237509&s=books&sprefix=marx%2Cstripbooks%2C218&sr=1-3&ufe=app_do%3Aamzn1.fos.6d798eae-cadf-45de-946a-f477d47705b9,1
amazon,https://www.amazon.com.br/Manifestos-Comunistas-Karl-Marx/dp/8585934239/ref=sr_1_5?__mk_pt_BR=%C3%85M%C3%85%C5%BD%C3%95%C3%91&crid=2PS1M2K49YQAE&keywords=marx&qid=1658237541&s=books&sprefix=marx%2Cstripbooks%2C218&sr=1-5,1
amazon,https://www.amazon.com.br/Calcinhas-Tang%C3%A3o-Algod%C3%A3o-Confort-Tamanho/dp/B09VY4Z6S5?pf_rd_r=KXMFY95MAKK2X0ZTW2A2&pf_rd_p=7fca0d32-18a1-413d-8197-d7a1ad5a1c72&pd_rd_r=28048610-dadd-40cc-9b3c-b5738e7e6c25&pd_rd_w=nhJrE&pd_rd_wg=AFa4D&ref_=pd_gw_unk,0
amazon,https://www.amazon.com.br/dp/B006JANLL0/ref=s9_acsd_hps_bw_c2_x_2_i?pf_rd_m=A3RN7G7QC5MWSZ&pf_rd_s=merchandised-search-2&pf_rd_r=D4ZGGYZV04N95E51V4TC&pf_rd_t=101&pf_rd_p=a80e923f-ab20-4c2b-996f-dee61d5b49f6&pf_rd_i=23469944011,0
amazon,https://www.amazon.com.br/KIICN-t%C3%A9rmicas-antiderrapantes-sens%C3%ADvel-ciclismo/dp/B08QVY37HQ?ref_=Oct_d_oup_d_23469944011&pd_rd_w=dw54E&content-id=amzn1.sym.0dd2d5ea-95b1-4298-a644-6328eaa0cb22&pf_rd_p=0dd2d5ea-95b1-4298-a644-6328eaa0cb22&pf_rd_r=D4ZGGYZV04N95E51V4TC&pd_rd_wg=40Fcq&pd_rd_r=0abecb1d-76b5-4fe2-80f6-06680bbcfaa1&pd_rd_i=B08QVY37HQ,0
amazon,https://www.amazon.com.br/dp/B08C1K6LB2/ref=ods_gw_eg_d_atfdesk_xpl?pf_rd_r=KXMFY95MAKK2X0ZTW2A2&pf_rd_p=1b7f9e1c-8848-4a02-8669-2ed923f7de8f&pd_rd_r=28048610-dadd-40cc-9b3c-b5738e7e6c25&pd_rd_w=eVyR5&pd_rd_wg=AFa4D&ref_=pd_gw_unk,0
amazon,https://www.amazon.com.br/Novo-Echo-4%C2%AA-gera%C3%A7%C3%A3o/dp/B085FXDTTX/ref=p13n_ds_purchase_sim_1p_dp_desktop_sccl_1_5/138-0676212-7582358?pd_rd_w=FxIxA&content-id=amzn1.sym.bcb2ee29-2818-4fa9-a787-3b071b070ab8&pf_rd_p=bcb2ee29-2818-4fa9-a787-3b071b070ab8&pf_rd_r=SK4X2AXN76Y9D1VSBBER&pd_rd_wg=FW4He&pd_rd_r=4531e661-3624-4691-927b-5d08de3e0224&pd_rd_i=B085FXDTTX&psc=1,0
amazon,https://www.amazon.com.br/Tom-Finland-Dian-Hanson/dp/3822826073/ref=sr_1_3?pf_rd_i=6740748011&pf_rd_m=A3RN7G7QC5MWSZ&pf_rd_p=65ee35e7-8b1f-4bf4-b75f-35e4282021df&pf_rd_r=3RQPN8WM0GFZ0HXCYJYP&pf_rd_s=merchandised-search-5&pf_rd_t=101&qid=1658237762&refinements=p_36%3A6000-&s=books&sr=1-3,1
amazon,https://www.amazon.com.br/Desodorizador-Adesivo-Marine-Discos-Pato/dp/B07FPT3MSD/ref=zg-bsms_home_4/138-0676212-7582358?pd_rd_w=tfnG6&content-id=amzn1.sym.c0c0f25f-aaf5-43d0-b46e-c8c2c04a86c2&pf_rd_p=c0c0f25f-aaf5-43d0-b46e-c8c2c04a86c2&pf_rd_r=8NXDZ73084RNHM6NB5ZB&pd_rd_wg=yv13z&pd_rd_r=00580f35-cab9-4fba-a011-5c00770b9527&pd_rd_i=B07FPT3MSD&psc=1,0
amazon,https://www.amazon.com.br/Apple-iPhone-Pro-Max-256-GB/dp/B09L1N2JXY/ref=zg-bsms_electronics_2/138-0676212-7582358?pd_rd_w=VHRrR&content-id=amzn1.sym.c0c0f25f-aaf5-43d0-b46e-c8c2c04a86c2&pf_rd_p=c0c0f25f-aaf5-43d0-b46e-c8c2c04a86c2&pf_rd_r=8NXDZ73084RNHM6NB5ZB&pd_rd_wg=yv13z&pd_rd_r=00580f35-cab9-4fba-a011-5c00770b9527&pd_rd_i=B09L1N2JXY&psc=1,0
amazon,https://www.amazon.com.br/Capacete-Super-Speed-Fosco-Cinza/dp/B08YRNPFJX/ref=zg-bsms_automotive_2/138-0676212-7582358?pd_rd_w=bTDbl&content-id=amzn1.sym.c0c0f25f-aaf5-43d0-b46e-c8c2c04a86c2&pf_rd_p=c0c0f25f-aaf5-43d0-b46e-c8c2c04a86c2&pf_rd_r=8NXDZ73084RNHM6NB5ZB&pd_rd_wg=yv13z&pd_rd_r=00580f35-cab9-4fba-a011-5c00770b9527&pd_rd_i=B08YRNPFJX&psc=1,0
amazon,https://www.amazon.com.br/Genesis-Live-at-Wembley-Stadium/dp/B0000UJFBK/ref=zg-bsms_dvd_2/138-0676212-7582358?pd_rd_w=HPcCh&content-id=amzn1.sym.c0c0f25f-aaf5-43d0-b46e-c8c2c04a86c2&pf_rd_p=c0c0f25f-aaf5-43d0-b46e-c8c2c04a86c2&pf_rd_r=8NXDZ73084RNHM6NB5ZB&pd_rd_wg=yv13z&pd_rd_r=00580f35-cab9-4fba-a011-5c00770b9527&pd_rd_i=B0000UJFBK&psc=1,0
amazon,https://www.amazon.com.br/Esmalte-Cremoso-Cole%C3%A7%C3%A3o-Risqu%C3%A9-Sortido/dp/B09Y9DMC8P/ref=zg-bsnr_beauty_1/138-0676212-7582358?pd_rd_w=fcMti&content-id=amzn1.sym.c0c0f25f-aaf5-43d0-b46e-c8c2c04a86c2&pf_rd_p=c0c0f25f-aaf5-43d0-b46e-c8c2c04a86c2&pf_rd_r=NZXVDJ81GPEV3E6H6BA8&pd_rd_wg=7hWy6&pd_rd_r=4ca8e325-e8df-4f56-92b2-50b8879dc66f&pd_rd_i=B09Y9DMC8P&psc=1,0
amazon,https://www.amazon.com.br/Smartphone-Xiaomi-256GB-Power-Black/dp/B09TSPMY2M/ref=zg-bsnr_electronics_2/138-0676212-7582358?pd_rd_w=R7R2M&content-id=amzn1.sym.c0c0f25f-aaf5-43d0-b46e-c8c2c04a86c2&pf_rd_p=c0c0f25f-aaf5-43d0-b46e-c8c2c04a86c2&pf_rd_r=NZXVDJ81GPEV3E6H6BA8&pd_rd_wg=7hWy6&pd_rd_r=4ca8e325-e8df-4f56-92b2-50b8879dc66f&pd_rd_i=B09TSPMY2M&psc=1,0
amazon,https://www.amazon.com.br/pneus-remold-Toyo-Am-Plus/dp/B0B5HX6JV4/ref=zg-bsnr_automotive_3/138-0676212-7582358?pd_rd_w=PHg7Z&content-id=amzn1.sym.c0c0f25f-aaf5-43d0-b46e-c8c2c04a86c2&pf_rd_p=c0c0f25f-aaf5-43d0-b46e-c8c2c04a86c2&pf_rd_r=NZXVDJ81GPEV3E6H6BA8&pd_rd_wg=7hWy6&pd_rd_r=4ca8e325-e8df-4f56-92b2-50b8879dc66f&pd_rd_i=B0B5HX6JV4&psc=1,0
amazon,https://www.amazon.com.br/Jogo-Toalhas-Banho-Milly-pe%C3%A7as/dp/B09VJR928H/ref=zg-bsnr_home_2/138-0676212-7582358?pd_rd_w=aldCl&content-id=amzn1.sym.c0c0f25f-aaf5-43d0-b46e-c8c2c04a86c2&pf_rd_p=c0c0f25f-aaf5-43d0-b46e-c8c2c04a86c2&pf_rd_r=NZXVDJ81GPEV3E6H6BA8&pd_rd_wg=7hWy6&pd_rd_r=4ca8e325-e8df-4f56-92b2-50b8879dc66f&pd_rd_i=B0B1LCYRDL&psc=1,0
amazon,https://www.amazon.com.br/OCTOO-UP-BL-Suporte-Uptable-Preto/dp/B07BTC67VS/ref=zg-mw_furniture_1/138-0676212-7582358?pd_rd_w=g03iN&content-id=amzn1.sym.c0c0f25f-aaf5-43d0-b46e-c8c2c04a86c2&pf_rd_p=c0c0f25f-aaf5-43d0-b46e-c8c2c04a86c2&pf_rd_r=55250JHE8NPKKVJY1MWR&pd_rd_wg=r3qws&pd_rd_r=4061be75-aa0f-4f9c-928c-6008be7635a0&pd_rd_i=B07BTC67VS&psc=1,0
amazon,https://www.amazon.com.br/Coringa-Robert-Niro-Joaquin-Phoenix/dp/B082N5RSWW/ref=zg-mw_dvd_1/138-0676212-7582358?pd_rd_w=V28bY&content-id=amzn1.sym.c0c0f25f-aaf5-43d0-b46e-c8c2c04a86c2&pf_rd_p=c0c0f25f-aaf5-43d0-b46e-c8c2c04a86c2&pf_rd_r=55250JHE8NPKKVJY1MWR&pd_rd_wg=r3qws&pd_rd_r=4061be75-aa0f-4f9c-928c-6008be7635a0&pd_rd_i=B082N5RSWW&psc=1,0
cultura,https://www3.livrariacultura.com.br/livros,0
cultura,https://www3.livrariacultura.com.br/cultura-pass?&utmi_p=_eventos&utmi_pc=Html&utmi_cp=links+footer,0
cultura,https://www3.livrariacultura.com.br/formulario-de-atendimento?&utmi_p=_eventos&utmi_pc=Html&utmi_cp=links+footer,0
cultura,https://www3.livrariacultura.com.br/hotsites/maisvendidos,0
cultura,https://www3.livrariacultura.com.br/nossas-lojas,0
cultura,https://www3.livrariacultura.com.br/empresas,0
cultura,https://www3.livrariacultura.com.br/sebo-cultura/,0
cultura,https://www3.livrariacultura.com.br/hotsites/shopping,0
cultura,https://www3.livrariacultura.com.br/controle-gamer-warrior-takeo-smartphone-bluetooth---js088-14474512/p?lista=,0
cultura,https://www3.livrariacultura.com.br/bloco-adesivo-38x50mm-4-cores-neon-4x50fls---ei012-11762570/p?lista=,0
cultura,https://www3.livrariacultura.com.br/caixa-de-som-obasound-pool-obabox---ob008-14474476/p,0
cultura,https://www3.livrariacultura.com.br/filtro-de-linha-5-tomadas-branco-multilaser---wi300-11760644/p,0
cultura,https://www3.livrariacultura.com.br/peitoral-para-cachorro-bold-looney-tunes-pernalonga-14441000/p?lista=,0
cultura,https://www3.livrariacultura.com.br/teatro-eva-herz,0
cultura,https://www3.livrariacultura.com.br/eventos,0
cultura,https://www3.livrariacultura.com.br/taca-windsor-pai-idolo-colecao-2021-13537807/p?lista=,0
cultura,https://www3.livrariacultura.com.br/escolha-sua-vida-2112273226/p,1
cultura,https://www3.livrariacultura.com.br/o-velho-e-o-menino-40126367/p,1
cultura,https://www3.livrariacultura.com.br/mais-esperto-que-o-diabo-42269775/p,1
cultura,https://www3.livrariacultura.com.br/o-verao-que-mudou-minha-vida-2111915121/p,1
cultura,https://www3.livrariacultura.com.br/corpo-fala-61038/p,1
cultura,https://www3.livrariacultura.com.br/naruto-gold-vol-1-2111902326/p,1
cultura,https://www3.livrariacultura.com.br/o-ladrao-de-raios-capa-nova-42275209/p,1
cultura,https://www3.livrariacultura.com.br/menos-que-um-2112320138/p,1
cultura,https://www3.livrariacultura.com.br/thomas-sowell-a-biografia-2112320635/p,1
cultura,https://www3.livrariacultura.com.br/gestao-com-gentileza-2112319991/p,1
cultura,https://www3.livrariacultura.com.br/peaky-blinders-2112320052/p,1
cultura,https://www3.livrariacultura.com.br/cacadas-de-pedrinho-2111919285/p,1
cultura,https://www3.livrariacultura.com.br/dedoches-animais-2112297541/p?lista=1725,0
cultura,https://www3.livrariacultura.com.br/stranger-things-cidade-nas-trevas-2112247884/p?lista=2099,1
cultura,https://www3.livrariacultura.com.br/o-cavaleiro-preso-na-armadura-2112273695/p,1
cultura,https://www3.livrariacultura.com.br/o-filho-do-terrorista-46016865/p,1
cultura,https://www3.livrariacultura.com.br/a-verdade-e-outras-mentiras-46335302/p,1
cultura,https://www3.livrariacultura.com.br/hotsites/maisvendidos,1
companhia,https://www.companhiadasletras.com.br/,0
companhia,https://www.companhiadasletras.com.br/Busca?selo=Companhia%20das%20Letrinhas,0
companhia,https://www.companhiadasletras.com.br/Busca?selo=Alfaguara,0
companhia,https://www.companhiadasletras.com.br/Busca?selo=Brinque-Book,0
companhia,https://www.companhiadasletras.com.br/autor.php?codigo=11257,0
companhia,https://www.companhiadasletras.com.br/Busca,0
companhia,https://www.companhiadasletras.com.br/autor.php?codigo=11548,0
companhia,https://www.companhiadasletras.com.br/Cadastro,0
companhia,https://www.companhiadasletras.com.br/audiobooks/,0
companhia,https://www.companhiadasletras.com.br/Carrinho,0
companhia,https://www.companhiadasletras.com.br/ValePresente,0
companhia,https://www.companhiadasletras.com.br/autor.php?codigo=06015,0
companhia,https://www.companhiadasletras.com.br/Newsletter,0
companhia,https://www.companhiadasletras.com.br/sobre.php,0
companhia,https://www.companhiadasletras.com.br/listautores.php,0
companhia,https://www.companhiadasletras.com.br/sala_professor/,0
companhia,https://www.companhiadasletras.com.br/LoginFinaliza,0
companhia,https://www.companhiadasletras.com.br/livro/9786559211852/saramago-150-os-seus-nomes,1
companhia,https://www.companhiadasletras.com.br/livro/9786559790715/a-cultura-no-mundo-liquido-moderno-nova-edicao,1
companhia,https://www.companhiadasletras.com.br/livro/9786559213474/metamaus,1
companhia,https://www.companhiadasletras.com.br/livro/9786559790807/o-negocio-do-jair,1
companhia,https://www.companhiadasletras.com.br/livro/9786559211845/todas-as-letras-nova-edicao-ampliada,1
companhia,https://www.companhiadasletras.com.br/livro/9788535914849/1984,1
companhia,https://www.companhiadasletras.com.br/livro/9788535928075/o-gene,1
companhia,https://www.companhiadasletras.com.br/livro/9788582850541/impressoes-de-leitura-e-outros-textos-criticos,1
companhia,https://www.companhiadasletras.com.br/livro/9788535912692/tintim-e-os-picaros,1
companhia,https://www.companhiadasletras.com.br/livro/9788535921168/deus-essa-gostosa,1
companhia,https://www.companhiadasletras.com.br/livro/9788535911602/tintim-no-tibete,1
companhia,https://www.companhiadasletras.com.br/livro/9788547000974/minha-historia,1
companhia,https://www.companhiadasletras.com.br/livro/9788535914702/avodezanove-e-o-segredo-do-sovietico,1
companhia,https://www.companhiadasletras.com.br/livro/9788561041939/de-olho-em-zumbi-dos-palmares,1
companhia,https://www.companhiadasletras.com.br/livro/9788535910391/50-contos-de-machado-de-assis,1
companhia,https://www.companhiadasletras.com.br/livro/9788535923438/eu-sou-malala,1
saraiva,https://www.saraiva.com.br/livros,0
saraiva,https://www.saraiva.com.br/,0
saraiva,https://www.saraiva.com.br/central-de-atendimento/politica,0
saraiva,https://busca.saraiva.com.br/hotsite/recem-chegados,0
saraiva,https://www.saraiva.com.br/dvd-colecao-pixar-2018-20-discos-20002308/p,0
saraiva,https://www.saraiva.com.br/games?promo_id=home-de-games&promo_name=home-de-games-menuexp-games&promo_creative=linkdep&promo_position=slot1,0
saraiva,https://www.saraiva.com.br/dvd-frozen-ii-filmes-2-discos-blu-ray-10654873/p,0
saraiva,https://www.saraiva.com.br/horizon-zero-dawn-complete-edition-hits-ps4-10570151/p,0
saraiva,https://www.saraiva.com.br/cyberpunk-2077-xbox-one-10641908/p,0
saraiva,https://www.saraiva.com.br/need-for-speed-heat-xbox-one-10615396/p,0
saraiva,https://www.saraiva.com.br/fifa-18-nintendo-switch-10034167/p,0
saraiva,https://www.saraiva.com.br/batman-arkham-asylum-batman-arkham-city-x360-7022971/p,0
saraiva,https://www.saraiva.com.br/gta-grand-theft-auto-v-ps3-4851867/p,0
saraiva,https://www.saraiva.com.br/games?promo_id=home-de-games&promo_name=home-de-games-menuexp-games&promo_creative=linkdep&promo_position=slot1,0
saraiva,https://www.saraiva.com.br/adesivo-para-celular-coringa-ha-ha-ha-para-iphone-4-5735051/p,0
saraiva,https://www.saraiva.com.br/funko-civil-warrior-10550357/p,0
saraiva,https://www.saraiva.com.br/funko-yu-gi-oh-girl-10550405/p,0
saraiva,https://www.saraiva.com.br/nossas-lojas,0
saraiva,https://www.saraiva.com.br/central-de-atendimento/politica,0
saraiva,https://www.saraiva.com.br/dvd-house-of-cards-5-temporada-4-discos-9859052/p,0
saraiva,https://www.saraiva.com.br/especial/universo-geek,0
saraiva,https://www.saraiva.com.br/listas/livros/netflix?promo_id=lista-netflix&promo_name=lista-netflix-desktop-index&promo_creative=banlista&promo_position=slot3,0
saraiva,https://www.saraiva.com.br/minha-historia-10219567/p,1
saraiva,https://www.saraiva.com.br/autor?promo_id=autores&promo_name=autores-menuexp-livros&promo_creative=link&promo_position=slot18,0
saraiva,https://www.saraiva.com.br/autor/obras/?bessa-luis-agustina,0
saraiva,https://www.saraiva.com.br/autor/obras/?percy-allan,0
saraiva,https://www.saraiva.com.br/autor/obras/?ziraldo,0
saraiva,https://www.saraiva.com.br/autor/obras/?mae-valter-hugo,0
saraiva,https://www.saraiva.com.br/o-mundo-de-larissa-manoela-9474804/p,1
saraiva,https://www.saraiva.com.br/larissa-manoela-9377621/p,1
saraiva,https://www.saraiva.com.br/a-desumanizacao-9429925/p,1
saraiva,https://www.saraiva.com.br/homens-imprudentemente-poeticos-9386221/p,1
saraiva,https://www.saraiva.com.br/arsene-lupin-o-ladrao-de-casaca-10682505/p,1
saraiva,https://www.saraiva.com.br/a-selecao-serie-a-selecao-vol-1-brochura-4089927/p,1
saraiva,https://www.saraiva.com.br/box-hp-lovecraft-os-melhores-contos-3-volumes-10112985/p,1
saraiva,https://www.saraiva.com.br/turma-da-monica-lendas-japonesas-exclusivo-saraiva-10641940/p,1
saraiva,https://www.saraiva.com.br/a-sereia-9245225/p,1
saraiva,https://www.saraiva.com.br/beren-e-luthien-20000200/p,1
saraiva,https://www.saraiva.com.br/carcereiros-4235922/p,1
saraiva,https://www.saraiva.com.br/a-teoria-das-janelas-quebradas-3054564/p,1
saraiva,https://www.saraiva.com.br/belas-adormecidas-9861633/p,1
saraiva,https://www.saraiva.com.br/a-incendiaria-colecao-biblioteca-stephen-king-10054664/p,1
saraiva,https://www.saraiva.com.br/harry-potter-e-a-ordem-da-fenix-5-capa-dura-9738754/p,1
saraiva,https://www.saraiva.com.br/harry-potter-e-a-camara-secreta-edicao-ilustrada-9418436/p,1
saraiva,https://www.saraiva.com.br/do-mil-ao-milhao-10501613/p,1
saraiva,https://www.saraiva.com.br/felicidade-modos-de-usar-10576831/p,1
saraiva,https://www.saraiva.com.br/vade-mecum-saraiva-tradicional-29-ed-2020-10642036/p,1
saraiva,https://www.saraiva.com.br/as-cronicas-de-narnia-volume-unico-2623167/p,1
saraiva,https://www.saraiva.com.br/os-lusiadas-luis-de-camoes-col-classicos-saraiva-conforme-a-nova-ortografia-3065879/p,1
saraiva,https://www.saraiva.com.br/a-mitologia-em-game-of-thrones-as-referencias-mitologicas-no-universo-ficcional-de-george-r-r-martin-10621609/p,1
saraiva,https://www.saraiva.com.br/a-guerra-dos-tronos-as-cronicas-de-gelo-e-fogo-vol-1-10516571/p,1
saraiva,https://www.saraiva.com.br/dpedro-a-historia-nao-contada-o-homem-revelado-por-cartas-e-documentos-ineditos-9058695/p,1
saraiva,https://www.saraiva.com.br/a-culpa-e-das-estrelas-4073261/p,1
amazon,https://www.amazon.com.br/Extraordin%C3%A1rio-R-J-Palacio/dp/8580573017/ref=tmm_pap_swatch_0?_encoding=UTF8&qid=&sr=,1
travessa,https://www.travessa.com.br/sapiens-a-brief-history-of-humankind-1-ed-2014/artigo/ab861ec9-fa17-4705-a1e0-ddfda65717ca,1
travessa,https://www.travessa.com.br/escravidao-volume-3-da-independencia-do-brasil-a-lei-aurea-1-ed-2022/artigo/20dd3c0d-cb5a-4bc9-be93-8b4ca51132c5,1
travessa,https://www.travessa.com.br/preparados-para-o-risco-como-tomar-boas-decisoes-1-ed-2022/artigo/416629f4-bddc-452e-88d7-1d8dd469c59a,1
travessa,https://www.travessa.com.br/as-5-linguagens-do-amor-como-expressar-um-compromisso-de-amor-a-seu-conjuge-3-ed-2013/artigo/f551c919-7bf1-4ae4-a4f2-914d57d25fe0,1
travessa,https://www.travessa.com.br/a-coragem-de-ser-imperfeito-como-aceitar-a-propria-vulnerabilidade-vencer-a-vergonha-e-ousar-ser-quem-voce-e-1-ed-2016/artigo/93c74fbb-b793-43b6-a5ca-05e01923d49c,1
travessa,https://www.travessa.com.br/estereotipos-e-cliches-1-ed-2022/artigo/d59da661-8e14-4027-8948-556f5be2a630,1
travessa,https://www.travessa.com.br/argumentacao-2-ed-2022/artigo/f52dfe00-b55a-47be-b7b3-595dd1411552,1
travessa,https://www.travessa.com.br/mulheres-modernistas-estrategias-de-consagracao-na-arte-brasileira-1-ed-2022/artigo/80c073af-d11c-4008-8ffd-52e358e1122a,1
travessa,https://www.travessa.com.br/breve-historia-da-arte-um-guia-de-bolso-para-os-principais-generos-obras-temas-e-tecnicas-1-ed-2021/artigo/8c8bb41c-c5af-4909-b50f-310e7b6e8d5f,1
travessa,https://www.travessa.com.br/lutar-contra-a-pobreza-1-ed-2022/artigo/b7f0e9c5-7b65-46a0-b4b4-4cb6782d66be,1
travessa,https://www.travessa.com.br/,0
travessa,https://www.travessa.com.br/dvds,0
travessa,https://www.travessa.com.br/blu-ray-cry-macho/artigo/53352531-d060-4b16-b393-281245ab84cd,0
travessa,https://www.travessa.com.br/wpgQuemSomos.aspx,0
travessa,https://www.travessa.com.br/wpgNossasLojas.aspx,0
travessa,https://www.travessa.com.br/Eventos,0
travessa,https://www.travessa.com.br/wpgCarrinhoLista.aspx,0
travessa,https://www.travessa.com.br/wpgObjDesejoMain.aspx,0
travessa,https://www.travessa.com.br/wpgCarrinhoDados.aspx?pagina=wpgSuaConta.aspx&TipoArtigo=&TipoArtigo=0,0
travessa,https://www.travessa.com.br/wpgPresentes.aspx,0
leitura,https://leitura.com.br/toda-a-minha-ira-com-brindes-L999-9788501305794,1
leitura,https://leitura.com.br/harry-potter-e-a-pedra-filosofal-L999-9788532511010,1
leitura,https://leitura.com.br/a-selecao-L999-9788565765015,1
leitura,https://leitura.com.br/livros/gastronomia-e-culinaria/so-para-um-L999-9788539629510,1
leitura,https://leitura.com.br/tabuada-L031-9788555502156,1
leitura,https://leitura.com.br/livros/matematica/o-andar-do-bebado-L999-9788537818107,1
leitura,https://leitura.com.br/livros/engenharia-e-tecnologia/crie-seu-mercado-no-mundo-digital-L999-9788545202684,1
leitura,https://leitura.com.br/livros/engenharia-e-tecnologia/algoritmos-para-viver---a-ciencia-exata-das-decisoes-humanas-L999-9788535929300,1
leitura,https://leitura.com.br/livros/computacao-e-informatica/storytelling-com-dados-L999-9788550804682,1
leitura,https://leitura.com.br/terra-viva-L055-9788531610158,1
leitura,https://leitura.com.br/index.php?route=common/home,0
leitura,https://leitura.com.br/papelaria/arte-recreacao-material-desenho,0
leitura,https://leitura.com.br/regua-tilibra-academia-flexivel-30cm-azul-aqua-L019-7891027301804,0
leitura,https://leitura.com.br/jogos-boardgames/pc,0
leitura,https://leitura.com.br/jogo-munchkin-L074-7898572670164,0
leitura,https://leitura.com.br/index.php?route=product/featured&lista_id=000047,0
leitura,https://leitura.com.br/informatica/calculadoras,0
leitura,https://leitura.com.br/calc-casio-com-bobina-hr150rc-L035-4971850099703,0
leitura,https://leitura.com.br/presentes/brinquedo-de-montar-pedago,0
leitura,https://leitura.com.br/jogo-explorando-o-brasil-L035-7908010116588,0
florance,https://www.livrariaflorence.com.br/produto/livro-tratado-de-medicina-veterinaria-doencas-do-cao-e-do-gato-ettinger-guanabara-134430,1
florance,https://www.livrariaflorence.com.br/produto/livro-1-000-questoes-comentadas-para-provas-e-concursos-em-medicina-veterinaria-garcez-222159,1
florance,https://www.livrariaflorence.com.br/produto/livro-adams-booth-farmacologia-e-terapeutica-veterinaria-riviere-guanabara-136894,1
florance,https://www.livrariaflorence.com.br/produto/livro-pluralismo-juridico-e-direito-moderno-maliska-jurua-223762,1
florance,https://www.livrariaflorence.com.br/produto/livro-violencia-obstetrica-marchetto-jurua-223752,1
florance,https://www.livrariaflorence.com.br/produto/livro-a-angustia-e-o-estranho-um-estudo-psicanalitico-em-dialogo-com-a-ficcao-de-horror-terencio-223740,1
florance,https://www.livrariaflorence.com.br/produto/livro-inclusao-social-e-diverdidade-uma-relacao-necessaria-afonso-223720,1
florance,https://www.livrariaflorence.com.br/produto/livro-atlas-de-diagnostico-citologico-em-pequenos-animais-merlo-medvet-221673,1
florance,https://www.livrariaflorence.com.br/produto/livro-futebol-conhecer-e-proceder-nascif-appris-223512,1
florance,https://www.livrariaflorence.com.br/produto/livro-tdah-o-que-fazer-e-o-que-evitar-arcangeli-vozes-223768,1
florance,https://www.livrariaflorence.com.br/,0
florance,https://www.livrariaflorence.com.br/ListaDeDesejos,0
florance,https://www.livrariaflorence.com.br/DuvidasFrequentes,0
florance,https://checkout.livrariaflorence.com.br/Login/Authenticate?returnUrl=https%3A%2F%2Fcheckout.livrariaflorence.com.br%2FMinhaConta%2FPedido%2F,0
florance,https://www.livrariaflorence.com.br/outlet,0
florance,https://checkout.livrariaflorence.com.br,0
florance,https://www.livrariaflorence.com.br/ComoComprar,0
florance,https://www.livrariaflorence.com.br/PoliticaDePrivacidade,0
florance,https://www.livrariaflorence.com.br/TrocaseDevolucoes,0
florance,https://www.livrariaflorence.com.br/Entrega,0
mega,https://megaleitores.com.br/livro/estante/8527406667-acupuntura-constitucional-universal-eu-won-lee/92713/2/82141,1
mega,https://megaleitores.com.br/livro/estante/8586014176-cartas-do-comandante-rolim-adolfo-amaro/9513/4433/31,1
mega,https://megaleitores.com.br/livro/estante/8574199451-institucionalizacao-das-ciencias-agricolas-e-seu-ensino-no-brasil-1930-1950-graciela-de-souza-oliver/13270/4433/3786,1
mega,https://megaleitores.com.br/livro/estante/9788571645707-tristes-tropicos-claude-levi-strauss/9683/2/201,1
mega,https://megaleitores.com.br/livro/estante/4897371368-display-designs-in-japan-museums-e-amusement-parks-vol-4-rikuyo-sha-publishing/9655/4433/173,1
mega,https://megaleitores.com.br/livro/estante/190312489-genealogia-paulistana-1-edicao-7-volumes-e-mais-2-volumes-de-brinde-luiz-gonzaga-da-silva-leme/55603/2/46117,1
mega,https://megaleitores.com.br/livro/estante/8522108897-dicionario-de-ingredientes-de-produtos-para-cuidado-com-o-cabelo-john-halal/11812/2/2328,1
mega,https://megaleitores.com.br/livro/estante/41965259-senha-coragem-john-castle/9776/4433/294,1
mega,https://megaleitores.com.br/livro/estante/9788535226775-os-desafios-da-sustentabilidade-fernando-almeida/9740/4433/258,1
mega,https://megaleitores.com.br/livro/estante/8586116114-depois-de-jesus-o-triunfo-do-cristianismo-reader-s-digest/9666/4433/184,1
mega,https://megaleitores.com.br/,0
mega,https://megaleitores.com.br/seller/create,0
mega,https://megaleitores.com.br/termos,0
mega,https://megaleitores.com.br/quem-somos,0
mega,https://megaleitores.com.br/login,0
mega,https://megaleitores.com.br/commissioned,0
mega,https://megaleitores.com.br/livros,0
mega,https://megaleitores.com.br/querocomprar,0
mega,https://megaleitores.com.br/internationaldelivery,0
mega,https://megaleitores.com.br/search/mega-assunto/acupuntura,0
book7,https://www.book7.com.br/cirurgia-da-mao-9786555862096/p,1
book7,https://www.book7.com.br/abc-da-ventilacao-mecanica-9786555861983/p,1
book7,https://www.book7.com.br/o-poder-e-o-delirio-9788564065932/p,1
book7,https://www.book7.com.br/a-tristeza-transforma-a-depressao-paralisa-9788557172753/p,1
book7,https://www.book7.com.br/matematica-para-gente-grande-9788557171145/p,1
book7,https://www.book7.com.br/hiperfoco-9788557173040/p,1
book7,https://www.book7.com.br/o-nivel--por-que-uma-sociedade-mais-igualitaria-e-melhor-para-todos-9788520009222/p,1
book7,https://www.book7.com.br/inovacao-tecnologia-e-sustentabilidade-9788536532622/p,1
book7,https://www.book7.com.br/banquete-de-gelo-e-fogo-9788557170339/p,1
book7,https://www.book7.com.br/colecao-rossandro-klinjey-9788570670014/p,1
book7,https://www.book7.com.br/,0
book7,https://www.book7.com.br/login,0
book7,https://www.book7.com.br/checkout,0
book7,https://www.book7.com.br/institucional/quem-somos,0
book7,https://www.book7.com.br/institucional/trocas-e-devolucoes,0
book7,https://www.book7.com.br/institucional/formas-de-pagamento,0
book7,https://www.book7.com.br/institucional/trabalhe-conosco,0
book7,https://www.book7.com.br/games,0
book7,https://www.book7.com.br/assinatura-xbox-live-gold--3-meses-4251404514563/p,0
book7,https://www.book7.com.br/papelaria/agendas-e-planners,0
davila,https://www.livrariadavila.com.br/a-caminho-do-altar-%E2%80%93-edicao-luxo--os-bridgertons-%E2%80%93-livro-8---o-livro-de-gregory-815221/p,1
davila,https://www.livrariadavila.com.br/pistolas-e-revolveres-guia-do-colecionador--de-1400-aos-dias-atuais-814749/p,1
davila,https://www.livrariadavila.com.br/fica-entre-nos-814086/p,1
davila,https://www.livrariadavila.com.br/toda-a-minha-ira-818559/p,1
davila,https://www.livrariadavila.com.br/a-arte-da-estrategia-815494/p,1
davila,https://www.livrariadavila.com.br/-auto-lideranca-antifragil-aprenda-a-lidar-com-o-inesperado-esteja-sempre-pronto-para-superar-qualq-815906/p,1
davila,https://www.livrariadavila.com.br/seja-mais-feliz-aconteca-o-que-acontecer--como-cultivar-a-esperanca-e-o-proposito-em-tempos-dificei-818939/p,1
davila,https://www.livrariadavila.com.br/garota-esquecida-815652/p,1
davila,https://www.livrariadavila.com.br/comida-de-bebe--uma-introducao-a-comida-de-verdade-473548/p,1
davila,https://www.livrariadavila.com.br/o-armario-de-bebidas-818449/p,1
davila,https://www.livrariadavila.com.br/,0
davila,https://www.livrariadavila.com.br/jogos-e-brinquedos,0
davila,https://www.livrariadavila.com.br/familia-gatinhos-expressoes-809622/p,0
davila,https://www.livrariadavila.com.br/papelaria/globo,0
davila,https://www.livrariadavila.com.br/globo-ng-beginners-11-cm-para-montar-sem-luz-com-paises-e-continentes-491775/p,0
davila,https://www.livrariadavila.com.br/papelaria/cadernos,0
davila,https://www.livrariadavila.com.br/livros/criancas,0
davila,https://blog.livrariadavila.com.br/event/o-poder-de-uma-marca-autentica-tudo-o-que-voce-precisa-saber-para-construir-a-sua-marca-e-vender-mais-maiara-kososki-iea-solucoes-educacionais/,0
davila,https://blog.livrariadavila.com.br/nossa-historia/,0
davila,https://www.livrariadavila.com.br/livros/geek,0